{"the" :0.05366009553925856,
"and" :0.03575321267577205,
"to" :0.027978873713247664,
"of" :0.025253986409204062,
"a" :0.01711128305187378,
"in" :0.014830451456637287,
"he" :0.013716948126219472,
"that" :0.013106371526609702,
"his" :0.01304750050460876,
"was" :0.012336002152997376,
"with" :0.009410953374150575,
"had" :0.008965215636143444,
"him" :0.007912265356926596,
"it" :0.007903855210926462,
"her" :0.007875260714526005,
"I" :0.007720514028123528,
"not" :0.007710421852923367,
"s" :0.007644822714122317,
"at" :0.007328601224517258,
"as" :0.006418623427302698,
"on" :0.006284061091300545,
"for" :0.005799636681692795,
"is" :0.005459866783287358,
"you" :0.005335396622485366,
"but" :0.004931709614478907,
"said" :0.004763506694476216,
"The" :0.004711363789275382,
"be" :0.004647446679674359,
"she" :0.004591939716073471,
"from" :0.004279082284868466,
"all" :0.004213483146067416,
"were" :0.0040755567516652085,
"by" :0.00405873645966494,
"who" :0.0035221691448563547,
"which" :0.0034313395680549016,
"Pierre" :0.0033741505752539866,
"one" :0.0033337818744533405,
"He" :0.0032379062100518067,
"have" :0.003226132005651618,
"they" :0.002999058063647985,
"this" :0.0029906479176478504,
"so" :0.00289813631164637,
"what" :0.0028695418152459126,
"an" :0.002840947318845455,
"Prince" :0.0027417075960438674,
"up" :0.0026794725156428717,
"or" :0.002664334252842629,
"them" :0.0026088272892417414,
"been" :0.002482675099239723,
"did" :0.002460808719639373,
"their" :0.0023952095808383233,
"would" :0.002267375361636278,
"out" :0.0021681356388346903,
"me" :0.002109264616833748,
"man" :0.0020890802664334253,
"there" :0.0020806701204332907,
"t" :0.002055439682432887,
"are" :0.00205375765323286,
"now" :0.0019360156092309763,
"only" :0.0018973289376303572,
"my" :0.0018838727040301419,
"But" :0.0018737805288299805,
"could" :0.001863688353629819,
"ing" :0.0018519141492296307,
"when" :0.001845186032429523,
"Andrew" :0.001841821974029469,
"no" :0.0018317297988293076,
"And" :0.0018250016820292,
"more" :0.0017392181928278275,
"will" :0.0017324900760277199,
"if" :0.00168875731682702,
"about" :0.0016769831124268317,
"into" :0.001633250353226132,
"do" :0.0015609230976249748,
"himself" :0.0015575590392249209,
"time" :0.0015457848348247325,
"French" :0.0015424207764246787,
"face" :0.001500370046424006,
"It" :0.0014869138128237906,
"some" :0.0014801856960236829,
"went" :0.001441499024423064,
"know" :0.001424678732422795,
"eyes" :0.0013893561192222298,
"old" :0.0013742178564219874,
"men" :0.0013674897396218797,
"we" :0.001362443652021799,
"room" :0.001306936688420911,
"She" :0.0012817062504205073,
"very" :0.0012800242212204804,
"thought" :0.0012800242212204804,
"then" :0.0012564758124201036,
"Rost" :0.0012396555204198345,
"how" :0.0012396555204198345,
"v" :0.0012396555204198345,
"like" :0.0012312453744196998,
"before" :0.0012177891408194847,
"see" :0.0011976047904191617,
"your" :0.0011976047904191617,
"came" :0.0011791024692188656,
"down" :0.0011690102940187042
}
