{"This": 0.000478733198306021,
"is": 0.007033695452034616,
"made": 0.00180445590130731,
"at": 0.0035352605413367703,
"no": 0.0025777941447247283,
"and": 0.04551647946971092,
"with": 0.007438777389062788,
"very": 0.0012520714417234395,
"only": 0.001914932793224084,
"if": 0.0018781071625851593,
"you": 0.00541336770392193,
"make": 0.0011415945498066654,
"a": 0.01443564721045848,
"in": 0.01296262198490149,
"the": 0.07829129073835389,
"other": 0.0011047689191677407,
"than": 0.0011047689191677407,
"for": 0.004897808874976984,
"or": 0.001914932793224084,
"are": 0.002246363468974406,
"of": 0.02018044559013073,
"If": 0.001067943288528816,
"before": 0.0012152458110845149,
"work": 0.0008101638740563432,
"but": 0.0019517584238630085,
"be": 0.003203829865586448,
"under": 0.0009942920272509666,
"some": 0.0013257227030012888,
"your": 0.0011047689191677407,
"s": 0.002946050451113975,
"THE": 0.0005523844595838704,
"The": 0.007254649235868165,
"first": 0.0011047689191677407,
"used": 0.0003682563063892469,
"as": 0.0070705210826735405,
"this": 0.001546676486834837,
"last": 0.0003682563063892469,
"was": 0.016055974958571164,
"by": 0.0011415945498066654,
"No": 0.0007733382434174185,
"part": 0.000478733198306021,
"any": 0.0008838151353341926,
"without": 0.0006996869821395691,
"He": 0.010974037930399558,
"an": 0.0010311176578898915,
"old": 0.0090959307678144,
"man": 0.009721966488676119,
"who": 0.0008469895046952679,
"alone": 0.0004050819370281716,
"skiff": 0.0017676302706683851,
"he": 0.03196464739458663,
"had": 0.007475603019701712,
"gone": 0.0007733382434174185,
"days": 0.0004419075676670963,
"now": 0.004897808874976984,
"fish": 0.010311176578898913,
"In": 0.0004419075676670963,
"boy": 0.0036825630638924692,
"been": 0.0015835021174737617,
"him": 0.00846989504695268,
"But": 0.0066654391456453695,
"after": 0.0009206407659731173,
"told": 0.0004050819370281716,
"that": 0.010237525317621064,
"which": 0.0005155588289449457,
"their": 0.001546676486834837,
"another": 0.0007733382434174185,
"boat": 0.0014730252255569876,
"three": 0.000478733198306021,
"good": 0.0016203277481126863,
"It": 0.0035352605413367703,
"to": 0.016682010679432886,
"see": 0.0024673172528079544,
"come": 0.0017676302706683851,
"each": 0.0008838151353341926,
"day": 0.0009206407659731173,
"his": 0.015835021174737618,
"always": 0.0005892100902227951,
"went": 0.0012888970723623642,
"down": 0.0032774811268642973,
"help": 0.0003682563063892469,
"lines": 0.0007733382434174185,
"gaff": 0.0004050819370281716,
"harpoon": 0.0007365126127784938,
"sail": 0.0007365126127784938,
"around": 0.0007365126127784938,
"mast": 0.0006260357208617198,
"it": 0.014656600994292028,
"looked": 0.0013625483336402136,
"like": 0.0016939790093905358,
"deep": 0.0006260357208617198,
"back": 0.003093352973669674,
"sun": 0.0017676302706683851,
"from": 0.0034247836494199963,
"its": 0.001067943288528816,
"on": 0.007254649235868165,
"sea": 0.001546676486834837,
"were": 0.005081937028171607,
"well": 0.0014730252255569876,
"face": 0.0004050819370281716,
"hands": 0.0016203277481126863,
"heavy": 0.0006996869821395691,
"fresh": 0.0004050819370281716,
"They": 0.0019517584238630085,
"about": 0.001067943288528816,
"except": 0.0003682563063892469,
"eyes": 0.0008838151353341926,
"they": 0.0036457374332535446,
"same": 0.0003682563063892469,
"said": 0.006960044190756767,
"where": 0.0012152458110845149,
"up": 0.003019701712391825,
"I": 0.01870742036457374,
"could": 0.004198121892837415,
"go": 0.0015098508561959124,
"again": 0.0023568403608911805,
"We": 0.0003682563063892469,
"You": 0.00180445590130731,
"re": 0.000478733198306021,
"them": 0.003572086171975695,
"remember": 0.0006260357208617198,
"how": 0.0007733382434174185,
"then": 0.0027987479285582766,
"we": 0.0012888970723623642,
"big": 0.0012888970723623642,
"know": 0.0013257227030012888,
"did": 0.0020990609464187075,
"not": 0.007291474866507089,
"me": 0.002172712207696557,
"because": 0.0008101638740563432,
"am": 0.0013625483336402136,
"must": 0.0026514454060025776,
"t": 0.001436199594918063,
"much": 0.0016939790093905358,
"have": 0.005118762658810532,
"Terrace": 0.0003682563063892469,
"ll": 0.001436199594918063,
"take": 0.0009942920272509666,
"home": 0.0003682563063892469,
"fishermen": 0.0006260357208617198,
"many": 0.0009206407659731173,
"current": 0.0006260357208617198,
"steady": 0.0005892100902227951,
"what": 0.001914932793224084,
"seen": 0.0005523844595838704,
"out": 0.003829865586448168,
"across": 0.0009942920272509666,
"two": 0.002025409685140858,
"sharks": 0.0006996869821395691,
"shark": 0.0016939790093905358,
"side": 0.0011784201804455902,
"cut": 0.0012152458110845149,
"off": 0.000957466396612042,
"into": 0.002025409685140858,
"When": 0.0006996869821395691,
"wind": 0.000478733198306021,
"came": 0.0015098508561959124,
"there": 0.002393665991530105,
"get": 0.0015098508561959124,
"sardines": 0.000478733198306021,
"baseball": 0.0004050819370281716,
"can": 0.0026882710366415027,
"still": 0.0013257227030012888,
"will": 0.0032774811268642973,
"would": 0.0034984349106978456,
"cannot": 0.0005892100902227951,
"way": 0.0008101638740563432,
"How": 0.0005523844595838704,
"when": 0.0031301786043085988,
"took": 0.0011047689191677407,
"killed": 0.0003682563063892469,
"brought": 0.0004419075676670963,
"too": 0.0025409685140858037,
"tail": 0.0008838151353341926,
"bow": 0.0011784201804455902,
"feeling": 0.0004419075676670963,
"blood": 0.0003682563063892469,
"all": 0.003461609280058921,
"over": 0.0018781071625851593,
"just": 0.0008469895046952679,
"everything": 0.0005155588289449457,
"together": 0.000478733198306021,
"my": 0.001546676486834837,
"left": 0.0018412815319462346,
"put": 0.0012152458110845149,
"salt": 0.0003682563063892469,
"His": 0.0005892100902227951,
"hope": 0.0003682563063892469,
"never": 0.000957466396612042,
"breeze": 0.0005892100902227951,
"wonder": 0.0004050819370281716,
"knew": 0.0016571533787516112,
"going": 0.0007365126127784938,
"asked": 0.0006260357208617198,
"want": 0.0005892100902227951,
"light": 0.0008469895046952679,
"try": 0.0005523844595838704,
"far": 0.0008469895046952679,
"Then": 0.0027250966672804273,
"hook": 0.0007365126127784938,
"something": 0.0008101638740563432,
"does": 0.0004419075676670963,
"such": 0.0004050819370281716,
"bird": 0.000957466396612042,
"dolphin": 0.0009206407659731173,
"bad": 0.0005523844595838704,
"almost": 0.0006260357208617198,
"strange": 0.0005523844595838704,
"That": 0.0007733382434174185,
"strong": 0.0008101638740563432,
"enough": 0.000478733198306021,
"think": 0.0014730252255569876,
"so": 0.0028355735591972012,
"And": 0.0009206407659731173,
"us": 0.0004050819370281716,
"shoulder": 0.0004419075676670963,
"hard": 0.0005892100902227951,
"stern": 0.0009942920272509666,
"club": 0.0003682563063892469,
"one": 0.002504142883446879,
"better": 0.0006996869821395691,
"though": 0.0009206407659731173,
"sure": 0.0003682563063892469,
"thought": 0.006076229055422574,
"road": 0.0004419075676670963,
"shack": 0.0004419075676670963,
"through": 0.000957466396612042,
"open": 0.0005155588289449457,
"leaned": 0.0005523844595838704,
"against": 0.002172712207696557,
"long": 0.0012152458110845149,
"bed": 0.0005155588289449457,
"What": 0.0006996869821395691,
"do": 0.002946050451113975,
"eat": 0.0013257227030012888,
"yellow": 0.000478733198306021,
"Do": 0.0004050819370281716,
"cold": 0.0004050819370281716,
"course": 0.0005155588289449457,
"There": 0.0013625483336402136,
"bring": 0.0006628613515006444,
"keep": 0.0008101638740563432,
"morning": 0.0005155588289449457,
"great": 0.0023568403608911805,
"both": 0.0005523844595838704,
"even": 0.0006996869821395691,
"should": 0.0006996869821395691,
"half": 0.0005155588289449457,
"asleep": 0.0003682563063892469,
"spread": 0.0003682563063892469,
"shoulders": 0.0007365126127784938,
"although": 0.0003682563063892469,
"head": 0.0023200147302522554,
"times": 0.0003682563063892469,
"lay": 0.0004419075676670963,
"weight": 0.0005892100902227951,
"arm": 0.0004419075676670963,
"held": 0.0009206407659731173,
"hand": 0.003351132388142147,